파일	출처	이용 조건	고친 내용
assets/bgm/namwon_memory.mp3	국립국악원 「디지털 이음」 악구 다운로드(https://www.gugak.go.kr/digitaleum/front/phrase/list.do) — 대금 산조(이영섭류, Lee young seop ryu Daegeum Sanjo) 진양조 01~06, 악구 코드 w3-001-001~006; 연주자: 사이트에 표기 없음(국립국악원 제작 음원)	공공누리 제1유형(출처표시) — 상업적 이용·변경 가능, 출처 표시 필요	악구 앞뒤 무음 줄임, 40ms 겹쳐 이어 붙임, 끝과 처음 1.5초 겹쳐 되풀이 이음매 없앰, -17 LUFS로 음량 맞춤, 모노 64kbps mp3(tools/make_bgm.py). 같은 만든이의 「영웅의 길」에서 같은 원음으로 만든 곡과 같음
assets/bgm/flight.mp3	국립국악원 「디지털 이음」 악구 다운로드(https://www.gugak.go.kr/digitaleum/front/phrase/list.do) — 한갑득류 거문고산조 엇모리 01~05, 악구 코드 S2-001-029~033; 연주자: 사이트에 표기 없음(국립국악원 제작 음원)	공공누리 제1유형(출처표시) — 상업적 이용·변경 가능, 출처 표시 필요	악구 앞뒤 무음 줄임, 40ms 겹쳐 이어 붙임, 끝과 처음 1.5초 겹쳐 되풀이 이음매 없앰, -17 LUFS로 음량 맞춤, 모노 64kbps mp3(tools/make_bgm.py). 같은 만든이의 「영웅의 길」에서 같은 원음으로 만든 곡과 같음
assets/bgm/nanggoya.mp3	국립국악원 「디지털 이음」 악구 다운로드(https://www.gugak.go.kr/digitaleum/front/phrase/list.do) — 윤윤석류 아쟁산조 진양조 01~06, 악구 코드 S4-001-001~006; 연주자: 사이트에 표기 없음(국립국악원 제작 음원)	공공누리 제1유형(출처표시) — 상업적 이용·변경 가능, 출처 표시 필요	악구 앞뒤 무음 줄임, 40ms 겹쳐 이어 붙임, 끝과 처음 1.5초 겹쳐 되풀이 이음매 없앰, -17 LUFS로 음량 맞춤, 모노 64kbps mp3(tools/make_bgm.py). 같은 만든이의 「영웅의 길」에서 같은 원음으로 만든 곡과 같음
assets/bgm/annam_night.mp3	국립국악원 「디지털 이음」 악구 다운로드(https://www.gugak.go.kr/digitaleum/front/phrase/list.do) — 한갑득류 거문고산조 중모리 01~08, 악구 코드 S2-001-015~022; 연주자: 사이트에 표기 없음(국립국악원 제작 음원)	공공누리 제1유형(출처표시) — 상업적 이용·변경 가능, 출처 표시 필요	악구 앞뒤 무음 줄임, 40ms 겹쳐 이어 붙임, 끝과 처음 1.5초 겹쳐 되풀이 이음매 없앰, -22 LUFS(퉁소가 얹히므로 작게)로 음량 맞춤, 모노 64kbps mp3(tools/make_bgm.py). 같은 만든이의 「영웅의 길」에서 같은 원음으로 만든 court 곡을 -22 LUFS로 다시 만듦
assets/bgm/hangzhou.mp3	국립국악원 「디지털 이음」 악구 다운로드(https://www.gugak.go.kr/digitaleum/front/phrase/list.do) — 성금련류 가야금산조 늦은중중모리 01~10(악구 032·038 뺌), 악구 코드 s1-001-028~031·033~037·039; 연주자: 사이트에 표기 없음(국립국악원 제작 음원)	공공누리 제1유형(출처표시) — 상업적 이용·변경 가능, 출처 표시 필요	악구 앞뒤 무음 줄임, 40ms 겹쳐 이어 붙임, 끝과 처음 1.5초 겹쳐 되풀이 이음매 없앰, -17 LUFS로 음량 맞춤, 모노 64kbps mp3(tools/make_bgm.py). 같은 만든이의 「영웅의 길」에서 같은 원음으로 만든 곡과 같음
assets/bgm/sea.mp3	국립국악원 「디지털 이음」 악구 다운로드(https://www.gugak.go.kr/digitaleum/front/phrase/list.do) — 소금 연례악 수제천 010·012·014·019·022~025, 악구 코드 w4-440-010·012·014·019·022·023·024·025; 연주자: 사이트에 표기 없음(국립국악원 제작 음원)	공공누리 제1유형(출처표시) — 상업적 이용·변경 가능, 출처 표시 필요	악구 앞뒤 무음 줄임, 40ms 겹쳐 이어 붙임, 끝과 처음 1.5초 겹쳐 되풀이 이음매 없앰, -17 LUFS로 음량 맞춤, 모노 64kbps mp3(tools/make_bgm.py). 같은 만든이의 「영웅의 길」에서 같은 원음으로 만든 곡과 같음
assets/bgm/island.mp3	국립국악원 「디지털 이음」 악구 다운로드(https://www.gugak.go.kr/digitaleum/front/phrase/list.do) — 지영희류 해금산조 진양조 01~06, 악구 코드 S3-001-001~006; 연주자: 사이트에 표기 없음(국립국악원 제작 음원)	공공누리 제1유형(출처표시) — 상업적 이용·변경 가능, 출처 표시 필요	악구 앞뒤 무음 줄임, 40ms 겹쳐 이어 붙임, 끝과 처음 1.5초 겹쳐 되풀이 이음매 없앰, -17 LUFS로 음량 맞춤, 모노 64kbps mp3(tools/make_bgm.py). 같은 만든이의 「영웅의 길」에서 같은 원음으로 만든 곡과 같음
assets/bgm/reunion.mp3	국립국악원 「디지털 이음」 악구 다운로드(https://www.gugak.go.kr/digitaleum/front/phrase/list.do) — 가야금 경기민요 도라지 01~02·아리랑 01~04(세마치), 악구 코드 s1-913-001~002, s1-914-001~004; 연주자: 사이트에 표기 없음(국립국악원 제작 음원)	공공누리 제1유형(출처표시) — 상업적 이용·변경 가능, 출처 표시 필요	악구 앞뒤 무음 줄임, 40ms 겹쳐 이어 붙임, 끝과 처음 1.5초 겹쳐 되풀이 이음매 없앰, -17 LUFS로 음량 맞춤, 모노 64kbps mp3(tools/make_bgm.py). 같은 만든이의 「영웅의 길」에서 같은 원음으로 만든 곡과 같음
assets/bgm/result.mp3	국립국악원 「디지털 이음」 악구 다운로드(https://www.gugak.go.kr/digitaleum/front/phrase/list.do) — 가야금 경기민요 천안삼거리 01~02·한강수타령 01~03·창부타령 01~03(굿거리), 악구 코드 s1-915-001~002, s1-916-001~003, s1-918-001~003; 연주자: 사이트에 표기 없음(국립국악원 제작 음원)	공공누리 제1유형(출처표시) — 상업적 이용·변경 가능, 출처 표시 필요	악구 앞뒤 무음 줄임, 40ms 겹쳐 이어 붙임, 끝과 처음 1.5초 겹쳐 되풀이 이음매 없앰, -17 LUFS로 음량 맞춤, 모노 64kbps mp3(tools/make_bgm.py). 같은 만든이의 「영웅의 길」에서 같은 원음으로 만든 곡과 같음
