# name	size	ref	mode
sc_annam_port	1536x1024	design/style-samples/style_picturebook.png	style
sc_annam_tongso	1536x1024	design/style-samples/style_picturebook.png	style
sc_annam_poem	1536x1024	design/style-samples/style_picturebook.png	style
sc_annam_cheok	1536x1024	design/style-samples/style_picturebook.png	style
sc_annam_reunion	1536x1024	design/style-samples/style_picturebook.png	style
sc_annam_farewell	1536x1024	design/style-samples/style_picturebook.png	style
sc_hangzhou_home	1536x1024	design/style-samples/style_picturebook.png	style
sc_hangzhou_farewell	1536x1024	design/style-samples/style_picturebook.png	style
sc_letter_war	1536x1024	design/style-samples/style_picturebook.png	style
sc_letter_camp	1536x1024	design/style-samples/style_picturebook.png	style
sc_letter_home	1536x1024	design/style-samples/style_picturebook.png	style
sc_hangzhou_grief	1536x1024	design/style-samples/style_picturebook.png	style
sc_hangzhou_dream	1536x1024	design/style-samples/style_picturebook.png	style
sc_hangzhou_decision	1536x1024	design/style-samples/style_picturebook.png	style
sc_hangzhou_prep	1536x1024	design/style-samples/style_picturebook.png	style
sc_hangzhou_boat	1536x1024	design/style-samples/style_picturebook.png	style
sc_interlude_hangzhou	1536x1024	design/style-samples/style_picturebook.png	style
sc_interlude_mongseon	1536x1024	design/style-samples/style_picturebook.png	style
sc_interlude_hongdo	1536x1024	design/style-samples/style_picturebook.png	style
sc_interlude_wedding	1536x1024	design/style-samples/style_picturebook.png	style
sc_namwon_tongso	1536x1024	design/style-samples/style_picturebook.png	style
sc_namwon_namboc	1536x1024	design/style-samples/style_picturebook.png	style
sc_namwon_flee	1536x1024	design/style-samples/style_picturebook.png	style
sc_namwon_scatter	1536x1024	design/style-samples/style_picturebook.png	style
sc_suncheon_landing	1536x1024	design/style-samples/style_picturebook.png	style
sc_namwon_geumgyo	1536x1024	design/style-samples/style_picturebook.png	style
sc_namwon_willow	1536x1024	design/style-samples/style_picturebook.png	style
sc_namwon_family	1536x1024	design/style-samples/style_picturebook.png	style
sc_namwon_jin	1536x1024	design/style-samples/style_picturebook.png	style
sc_ending_whole	1536x1024	design/style-samples/style_picturebook.png	style
sc_ending_weary	1536x1024	design/style-samples/style_picturebook.png	style
sc_ending_strange	1536x1024	design/style-samples/style_picturebook.png	style
sc_ending_barely	1536x1024	design/style-samples/style_picturebook.png	style
sc_nanggoya_arrive	1536x1024	design/style-samples/style_picturebook.png	style
sc_nanggoya_dream	1536x1024	design/style-samples/style_picturebook.png	style
sc_nanggoya_sagan	1536x1024	design/style-samples/style_picturebook.png	style
sc_nanggoya_news	1536x1024	design/style-samples/style_picturebook.png	style
sc_nanggoya_ship	1536x1024	design/style-samples/style_picturebook.png	style
sc_nanggoya_sail	1536x1024	design/style-samples/style_picturebook.png	style
sc_prologue_fall	1536x1024	design/style-samples/style_picturebook.png	style
sc_prologue_refuge	1536x1024	design/style-samples/style_picturebook.png	style
sc_prologue_parting	1536x1024	design/style-samples/style_picturebook.png	style
sc_prologue_night	1536x1024	design/style-samples/style_picturebook.png	style
sc_prologue_brink	1536x1024	design/style-samples/style_picturebook.png	style
sc_sea_departure	1536x1024	design/style-samples/style_picturebook.png	style
sc_sea_route	1536x1024	design/style-samples/style_picturebook.png	style
sc_sea_patrol	1536x1024	design/style-samples/style_picturebook.png	style
sc_sea_pirates	1536x1024	design/style-samples/style_picturebook.png	style
sc_island_cave	1536x1024	design/style-samples/style_picturebook.png	style
sc_island_signal	1536x1024	design/style-samples/style_picturebook.png	style
sc_sea_joseon_ship	1536x1024	design/style-samples/style_picturebook.png	style
sc_orig_ending	1536x1024	design/style-samples/style_picturebook.png	style
sc_kimyc_moon	1536x1024	design/style-samples/style_picturebook.png	style
sc_act1_end	1536x1024	design/style-samples/style_picturebook.png	style
pt_okyoung	1024x1024	assets/raw/ref_okyoung.png	same
pt_choecheok	1024x1024	assets/raw/ref_okyoung.png	style
pt_donwoo	1024x1024	assets/raw/ref_okyoung.png	style
pt_songwoo	1024x1024	assets/raw/ref_okyoung.png	style
pt_mongseon	1024x1024	assets/raw/ref_okyoung.png	style
pt_hongdo	1024x1024	assets/raw/ref_okyoung.png	style
pt_mongseok	1024x1024	assets/raw/ref_okyoung.png	style
pt_jinwigyeong	1024x1024	design/style-samples/style_picturebook.png	style
pt_simssi	1024x1024	assets/raw/ref_okyoung.png	style
pt_choesuk	1024x1024	assets/raw/ref_okyoung.png	style
pt_jangyukbul	1024x1024	assets/raw/ref_okyoung.png	style
pt_merchant	1024x1024	assets/raw/ref_okyoung.png	style
pt_merchant_ming	1024x1024	assets/raw/ref_okyoung.png	style
pt_merchant_jp	1024x1024	assets/raw/ref_okyoung.png	style
pt_sailor	1024x1024	assets/raw/ref_okyoung.png	style
pt_sailor_west	1024x1024	assets/raw/ref_okyoung.png	style
pt_captive	1024x1024	design/style-samples/style_picturebook.png	style
pt_pirate	1024x1024	assets/raw/ref_okyoung.png	style
pt_ming_soldier	1024x1024	assets/raw/ref_okyoung.png	style
pt_joseon_sailor	1024x1024	design/style-samples/style_picturebook.png	style
